{
  "outer_radius": 0.0075,
  "length": 0.1,
  "tortuosity": 1.9518987074501648,
  "path_length_over_length": 1.9518987074501648,
  "total_volume": 1.3350530001801855e-05
}